Base,Base wt %,Support,Support wt %,Best_H2CO2_ratio,Best_MeOH_yield_ratio,Delta_yield_ratio,Is_Top,Is_Stable,Is_Selected
Cu,21.69358585858586,CeO2-ZrO2,65.0,2.0,10.387462661999995,0.0,True,True,True
Zr,20.0,CeO2-ZrO2,65.0,2.0,10.253578221239472,0.0,True,True,True
Zn,21.70344827586207,CeO2-ZrO2,65.0,2.0,10.253578221239472,0.0,True,True,True
NiGa,20.0,CeO2-ZrO2,65.0,2.0,10.244995085239474,0.0,True,True,True
Zn,21.70344827586207,ZnO - Al2O3,66.0,2.0,10.129839746725708,0.022057796200000368,True,True,True
Zr,20.0,ZnO - Al2O3,66.0,2.0,10.129839746725708,0.022057796200000368,True,True,True
Cu,21.69358585858586,ZnO - Al2O3,66.0,2.0,10.12134055688623,0.022057796200000368,True,True,True
NiGa,20.0,ZnO - Al2O3,66.0,2.0,10.040898176725706,0.022057796200000368,True,True,True
Cu,21.69358585858586,Al2O3,56.67370689655172,2.0,9.694260681999994,0.0,True,True,True
Zr,20.0,Al2O3,56.67370689655172,2.0,9.584591331239473,0.0,True,True,True
Zn,21.70344827586207,Al2O3,56.67370689655172,2.0,9.584591331239473,0.0,True,True,True
NiGa,20.0,Al2O3,56.67370689655172,2.0,9.563378435239471,0.0,True,True,True
Zr,20.0,ZnO,57.98146341463415,2.0,9.484023516725706,0.02205779619999859,True,True,True
Zn,21.70344827586207,ZnO,57.98146341463415,2.0,9.484023516725706,0.02205779619999859,True,True,True
Cu,21.69358585858586,ZnO,57.98146341463415,2.0,9.48037476688623,0.022057796200000368,True,True,True
Co,7.5,CeO2-ZrO2,65.0,4.0,9.426374733828888,0.02862487352000187,True,True,True
NiGa,20.0,ZnO,57.98146341463415,2.0,9.399932386725707,0.02205779619999859,True,True,True
Ag,8.333333333333334,CeO2-ZrO2,65.0,4.0,9.349263133828888,0.028624873520000094,True,True,True
Ni,9.7,CeO2-ZrO2,65.0,4.0,9.228631089434591,0.02714992952000017,True,True,True
Co,7.5,ZnO - Al2O3,66.0,2.0,9.10051134636179,0.003164632546667434,True,True,True
Ag,8.333333333333334,ZnO - Al2O3,66.0,2.0,9.030278842695122,0.0003232526799976654,True,True,True
Ni,9.7,ZnO - Al2O3,66.0,4.0,9.000289760220827,0.000281171986667772,True,True,True
Cu,21.69358585858586,CuO,75.0,2.0,8.945176047039984,0.0032249380800006833,True,True,True
Zr,20.0,CuO,75.0,2.0,8.892679016504962,0.018263089999999593,True,True,True
Zn,21.70344827586207,CuO,75.0,2.0,8.892679016504962,0.018263089999999593,True,True,True
Zn,21.70344827586207,ZrO2,75.81729729729729,2.0,8.890505564190958,0.022057796200000368,True,True,True
Zr,20.0,ZrO2,75.81729729729729,2.0,8.890505564190958,0.022057796200000368,True,True,True
Co,7.5,Al2O3,56.67370689655172,4.0,8.87345157382889,0.028624873520000094,True,True,True
NiGa,20.0,CuO,75.0,2.0,8.86766011050496,0.018263089999999593,True,True,True
Ir,5.333333333333333,CeO2-ZrO2,65.0,2.0,8.848837024698593,0.0017805059999993489,True,True,True
Cu,21.69358585858586,ZrO2,75.81729729729729,2.0,8.84854187812598,0.02205779619999859,True,True,True
NiGa,20.0,ZrO2,75.81729729729729,2.0,8.801563994190959,0.022057796200002144,True,True,True
Ag,8.333333333333334,Al2O3,56.67370689655172,4.0,8.773169313828891,0.028624873520000094,True,True,True
Ir,5.333333333333333,ZnO - Al2O3,66.0,2.0,8.691546055687493,0.023306645266664816,True,True,True
Ni,9.7,Al2O3,56.67370689655172,4.0,8.664122599434593,0.02714992952000017,True,True,True
Co,7.5,ZnO,57.98146341463415,2.0,8.59982437636179,0.0031646325466656577,True,True,True
Ag,8.333333333333334,ZnO,57.98146341463415,3.0,8.506421212695125,0.0003232526800012181,True,True,True
Ni,9.7,ZnO,57.98146341463415,4.0,8.476432130220829,0.00028117198666599563,True,True,True
Ir,5.333333333333333,Al2O3,56.67370689655172,2.0,8.328104824698594,0.0017805059999993489,True,True,True
Ir,5.333333333333333,ZnO,57.98146341463415,2.0,8.211464715687494,0.023306645266666592,True,True,True
Co,7.5,CuO,75.0,4.0,8.128184897069564,0.011989744752002096,True,True,True
Ag,8.333333333333334,CuO,75.0,4.0,8.026732747757565,0.025399935440001187,True,True,True
Co,7.5,ZrO2,75.81729729729729,2.0,7.988444574570225,0.0031646325466656577,True,True,True
Ni,9.7,CuO,75.0,4.0,7.960124492685838,0.008886839520000578,True,True,True
Ni,9.7,ZrO2,75.81729729729729,4.0,7.8880470456718355,0.000281171986667772,True,True,True
Ag,8.333333333333334,ZrO2,75.81729729729729,2.0,7.880461330903558,0.00032325267999855356,True,True,True
Ir,5.333333333333333,CuO,75.0,2.0,7.737366966107269,0.018415634767998235,True,True,True
Ir,5.333333333333333,ZrO2,75.81729729729729,3.0,7.718076789295932,0.023306645266665704,True,True,True
Zr,20.0,SBA-15,82.76486486486488,4.0,7.409920043875555,0.18178902587770285,True,True,False
Zn,21.70344827586207,SBA-15,82.76486486486488,4.0,7.409920043875554,0.18178902587770196,True,True,False
Zr,20.0,rGO,83.75,4.0,7.365564497852164,0.10432252785431029,True,True,True
Zn,21.70344827586207,rGO,83.75,4.0,7.365564497852164,0.10432252785431029,True,True,True
Mg,0.7000000000000001,CeO2-ZrO2,65.0,4.0,7.343229688642797,0.13951805999999944,True,True,True
NiGa,20.0,SBA-15,82.76486486486488,4.0,7.310006040014793,0.18178902587770285,True,True,False
Zr,20.0,MnO,80.0,4.0,7.30886841576727,0.18178902587770018,True,True,False
Zn,21.70344827586207,MnO,80.0,4.0,7.30886841576727,0.18178902587770018,True,True,False
NiGa,20.0,rGO,83.75,4.0,7.265650493991401,0.10432252785431029,True,True,True
Cu,21.69358585858586,SBA-15,82.76486486486488,4.0,7.234232357218556,0.15136675074261596,True,True,False
Zn,21.70344827586207,ZrO2-CeO2,80.0,4.0,7.225489989223883,0.10432252785431295,True,True,True
Zr,20.0,ZrO2-CeO2,80.0,4.0,7.22548998922388,0.10432252785431029,True,True,True
NiGa,20.0,MnO,80.0,4.0,7.19542989576727,0.18178902587770018,True,True,False
Cu,21.69358585858586,rGO,83.75,4.0,7.189876811195166,0.07390025271922518,True,True,True
Zn,21.70344827586207,CeO2,79.73058823529414,4.0,7.116117267668243,0.11576243148860677,True,True,True
Zr,20.0,CeO2,79.73058823529414,4.0,7.116117267668243,0.11576243148860677,True,True,True
NiGa,20.0,ZrO2-CeO2,80.0,4.0,7.11205146922388,0.10432252785431029,True,True,True
Cu,21.69358585858586,MnO,80.0,4.0,7.083022280451035,0.15136675074261507,True,True,False
Mg,0.7000000000000001,Al2O3,56.67370689655172,4.0,7.047173338642802,0.139518060000003,True,True,True
Cu,21.69358585858586,ZrO2-CeO2,80.0,4.0,7.036277786427646,0.07390025271922518,True,True,True
NiGa,20.0,CeO2,79.73058823529414,4.0,7.027630487188243,0.11576243148860765,True,True,True
Zn,21.70344827586207,Ga2O3,80.0,4.0,7.022579676148244,0.11576243148860854,True,True,True
Zr,20.0,Ga2O3,80.0,4.0,7.022579676148244,0.11576243148860943,True,True,True
Cu,21.69358585858586,CeO2,79.73058823529414,4.0,6.951353500392008,0.10037830827352057,False,True,True
NiGa,20.0,Ga2O3,80.0,4.0,6.934092895668244,0.11576243148860854,False,True,True
Pd,3.524342105263158,CeO2-ZrO2,65.0,4.0,6.910822047024795,0.16812015999999907,False,True,False
Cu,21.69358585858586,Ga2O3,80.0,4.0,6.857815908872007,0.10037830827352145,False,True,True
Mn,1.6,CeO2-ZrO2,65.0,4.0,6.702071324392798,0.12652708000000334,False,True,True
Ni,9.7,SBA-15,82.76486486486488,4.0,6.700128172371645,0.17362996535058262,False,True,False
Co,7.5,SBA-15,82.76486486486488,4.0,6.672756530283108,0.1519330640839156,False,True,False
Mg,0.7000000000000001,CuO,75.0,4.0,6.66480056978624,0.13951806000000122,False,True,True
Ni,9.7,MnO,80.0,4.0,6.662206835793779,0.18444680845058414,False,True,False
Zr,20.0,AlCeO,38.8,2.0,6.632320603052027,0.0,False,True,True
Zn,21.70344827586207,AlCeO,38.8,2.0,6.632320603052027,0.0,False,True,True
Re,3.333333333333333,CeO2-ZrO2,65.0,4.0,6.627779977992796,0.1678153600000014,False,True,False
La,3.0,CeO2-ZrO2,65.0,4.0,6.617606727492797,0.1303412020000021,False,True,True
Rh,1.0,CeO2-ZrO2,65.0,4.0,6.60625929542613,0.13596726780000168,False,True,True
Co,7.5,MnO,80.0,4.0,6.598201261185239,0.16274990718391447,False,True,False
Au,1.2272727272727273,CeO2-ZrO2,65.0,4.0,6.594441559887092,0.1350471260000008,False,True,True
Ni,9.7,rGO,83.75,4.0,6.592003065608882,0.09616346732719361,False,True,True
Co,7.5,rGO,83.75,4.0,6.590508295754288,0.07162518619386127,False,True,True
Ru,1.0,CeO2-ZrO2,65.0,4.0,6.582708643279463,0.11119384282000055,False,True,True
Pd,3.524342105263158,Al2O3,56.67370689655172,4.0,6.580009707024797,0.16812015999999907,False,True,False
Ag,8.333333333333334,SBA-15,82.76486486486488,4.0,6.564364409418821,0.1519330640839165,False,True,False
Y,2.227272727272727,CeO2-ZrO2,65.0,4.0,6.539180104179462,0.10832216482000057,False,True,True
Ni,9.7,ZrO2-CeO2,80.0,4.0,6.524593124130388,0.0961634673271945,False,True,True
Cu,21.69358585858586,AlCeO,38.8,2.0,6.524005320201587,0.0,False,True,True
Co,7.5,ZrO2-CeO2,80.0,4.0,6.513312359841851,0.07162518619386038,False,True,True
Co,7.5,CeO2,79.73058823529414,4.0,6.512301660404996,0.09063861901252857,False,True,True
NiGa,20.0,AlCeO,38.8,2.0,6.507523349585361,1.7763568394002505e-15,False,True,True
Ag,8.333333333333334,MnO,80.0,4.0,6.489809140320952,0.16274990718391624,False,True,False
Ni,9.7,CeO2,79.73058823529414,4.0,6.487178061140453,0.10862819038052507,False,True,True
Ag,8.333333333333334,rGO,83.75,4.0,6.466025297089999,0.07446656606052571,False,True,True
Mn,1.6,Al2O3,56.67370689655172,4.0,6.406014974392799,0.12652708000000157,False,True,True
Co,7.5,Ga2O3,80.0,4.0,6.397492056964994,0.09063861901252857,False,True,True
Ag,8.333333333333334,ZrO2-CeO2,80.0,4.0,6.388829361177562,0.0744665660605266,False,True,True
Zr,20.0,In2O3-ZrO2,99.0,4.0,6.385168602659601,0.1074371641280818,False,True,True
Zn,21.70344827586207,In2O3-ZrO2,99.0,4.0,6.385168602659601,0.1074371641280818,False,True,True
Ag,8.333333333333334,CeO2,79.73058823529414,4.0,6.379852012187629,0.10404880970052854,False,True,True
Ni,9.7,Ga2O3,80.0,4.0,6.372368457700454,0.10862819038052862,False,True,True
NiGa,20.0,In2O3,96.3787514318442,4.0,6.361386270924934,0.07352449372808234,False,True,True
Re,3.333333333333333,Al2O3,56.67370689655172,4.0,6.349203827992799,0.1678153600000032,False,True,False
Rh,1.0,Al2O3,56.67370689655172,4.0,6.327683145426133,0.1359672678000008,False,True,True
La,3.0,Al2O3,56.67370689655172,4.0,6.321550377492799,0.1303412020000012,False,True,True
NiGa,20.0,In2O3-ZrO2,99.0,4.0,6.307686628792933,0.12197012712808242,False,True,True
Ru,1.0,Al2O3,56.67370689655172,4.0,6.3041324932794645,0.11119384281999967,False,True,True
Zn,21.70344827586207,ZnO-Fe2O3,95.0,2.0,6.301782728228786,0.05988154508621335,False,True,True
Zr,20.0,ZnO-Fe2O3,95.0,2.0,6.301782728228786,0.05988154508621335,False,True,True
Au,1.2272727272727273,Al2O3,56.67370689655172,4.0,6.298385209887094,0.13504712599999902,False,True,False
Zr,20.0,ZnAlO,97.5,4.0,6.295893474315965,0.023017858937176783,False,True,False
Zn,21.70344827586207,ZnAlO,97.5,4.0,6.295893474315963,0.023017858937175006,False,True,False
Ir,5.333333333333333,SBA-15,82.76486486486488,4.0,6.274553087723381,0.15288352796391536,False,True,False
Zn,21.70344827586207,In2O3,96.3787514318442,4.0,6.266769989436269,0.03951427779474859,False,True,False
Zr,20.0,In2O3,96.3787514318442,4.0,6.266769989436269,0.03951427779474859,False,True,False
Ag,8.333333333333334,Ga2O3,80.0,4.0,6.265042408747628,0.10404880970052677,False,True,False
Y,2.227272727272727,Al2O3,56.67370689655172,4.0,6.260603954179464,0.10832216481999879,False,True,False
Co,7.5,AlCeO,38.8,4.0,6.253197357944768,0.028624873520000982,False,True,False
Ir,5.333333333333333,rGO,83.75,4.0,6.250215283599991,0.07257565007386013,False,True,False
Ir,5.333333333333333,MnO,80.0,4.0,6.248740903150945,0.16370037106391688,False,True,False
Zn,21.70344827586207,MoS2,93.73333333333332,4.0,6.239348315843103,0.051377767337174696,False,True,False
Zr,20.0,MoS2,93.73333333333332,4.0,6.239348315843103,0.051377767337174696,False,True,False
Zn,21.70344827586207,ZnO-ZrO2,99.5333333333333,2.0,6.235683141471043,0.055540483086215175,False,True,False
Zr,20.0,ZnO-ZrO2,99.5333333333333,2.0,6.235683141471042,0.05554048308621429,False,True,False
NiGa,20.0,ZnO-Fe2O3,95.0,2.0,6.235123956545452,0.060714030186213463,False,True,False
NiGa,20.0,ZnAlO,97.5,4.0,6.207310480782629,0.02218537383717667,False,True,False
Zr,20.0,Nb2O5,93.4,4.0,6.203587502485963,0.017584952937177434,False,True,False
Zn,21.70344827586207,Nb2O5,93.4,4.0,6.203587502485962,0.017584952937176546,False,True,False
Pd,3.524342105263158,CuO,75.0,4.0,6.178965305555556,0.16812016000000085,False,True,False
NiGa,20.0,MoS2,93.73333333333332,4.0,6.14792440325977,0.05054528223717458,False,True,False
Ir,5.333333333333333,ZrO2-CeO2,80.0,4.0,6.127218069287554,0.07257565007385924,False,True,False
NiGa,20.0,ZnO-ZrO2,99.5333333333333,2.0,6.116879121704375,0.0563729681862144,False,True,False
NiGa,20.0,Nb2O5,93.4,4.0,6.105511429602628,0.016752467837175544,False,True,False
Pd,3.524342105263158,ZnO - Al2O3,66.0,4.0,6.097747402432795,0.17201115129999955,False,False,False
Ni,9.7,AlCeO,38.8,4.0,6.0593904006947685,0.02714992952000017,False,True,False
Ag,8.333333333333334,AlCeO,38.8,4.0,6.054036838944768,0.028624873520000094,False,True,False
Ir,5.333333333333333,CeO2,79.73058823529414,4.0,6.053563110634696,0.08132571609252626,False,False,False
Zn,21.70344827586207,SiO2,92.02162162162162,4.0,6.045029196585961,0.02860869693717394,False,True,False
Zr,20.0,SiO2,92.02162162162162,4.0,6.045029196585961,0.02860869693717394,False,True,False
Zn,21.70344827586207,TiO2,91.93333333333334,4.0,6.045029196585961,0.02860869693717394,False,True,False
Zr,20.0,TiO2,91.93333333333334,4.0,6.045029196585961,0.028608696937175715,False,True,False
Mn,1.6,CuO,75.0,4.0,6.0401356769235575,0.12652708000000157,False,False,False
Zn,21.70344827586207,MOF,93.95,4.0,6.040026920276269,0.10592013052808191,False,False,False
Zr,20.0,MOF,93.95,4.0,6.040026920276269,0.10592013052808191,False,False,False
Zn,21.70344827586207,ZnAl2O4,92.5,4.0,6.039897513185962,0.02860869693717394,False,True,False
Zr,20.0,ZnAl2O4,92.5,4.0,6.039897513185962,0.02860869693717394,False,True,False
Cu,21.69358585858586,In2O3,96.3787514318442,4.0,6.021206662356078,0.06690039493299516,False,False,False
Re,3.333333333333333,CuO,75.0,4.0,5.987860486523557,0.1678153600000032,False,False,False
Rh,1.0,CuO,75.0,4.0,5.973530531956891,0.13596726780000168,False,False,False
NiGa,20.0,MOF,93.95,4.0,5.972075277892934,0.12045309352808076,False,False,False
NiGa,20.0,TiO2,91.93333333333334,4.0,5.954703262802627,0.03157251383717519,False,False,False
NiGa,20.0,SiO2,92.02162162162162,4.0,5.954703262802627,0.03157251383717519,False,False,False
NiGa,20.0,ZnAl2O4,92.5,4.0,5.949571579402627,0.0315725138371743,False,False,False
Cu,21.69358585858586,ZnO-Fe2O3,95.0,3.0,5.943655352391684,0.08885850610130142,False,False,False
La,3.0,CuO,75.0,4.0,5.939891318636239,0.1303412020000021,False,False,False
Ru,1.0,CuO,75.0,4.0,5.939414463160224,0.11119384282000233,False,False,False
Ir,5.333333333333333,Ga2O3,80.0,4.0,5.938753507194697,0.08132571609252803,False,False,False
Au,1.2272727272727273,CuO,75.0,4.0,5.921576591030533,0.13504712599999902,False,False,False
Cu,21.69358585858586,ZnAlO,97.5,2.0,5.913358020691684,0.005959102077909506,False,False,False
Cu,21.69358585858586,In2O3-ZrO2,99.0,4.0,5.902325972704078,0.09790184021299542,False,False,False
Mg,0.7000000000000001,CeO2,79.73058823529414,4.0,5.898723336464332,0.19784542426400353,False,False,False
Y,2.227272727272727,CuO,75.0,4.0,5.891035484060224,0.10832216482000234,False,False,False
Cu,21.69358585858586,ZnO-ZrO2,99.5333333333333,2.0,5.889400390250606,0.0888585061013023,False,False,False
Zr,20.0,MSU-F,89.53333333333335,4.0,5.850563714075329,0.08550366880808191,False,False,False
Zn,21.70344827586207,MSU-F,89.53333333333335,4.0,5.850563714075329,0.08550366880808191,False,False,False
Zn,21.70344827586207,MCM-41,87.15,4.0,5.8468598840497386,0.08550366880808014,False,False,False
Zr,20.0,MCM-41,87.15,4.0,5.8468598840497386,0.08550366880808014,False,False,False
Mg,0.7000000000000001,Ga2O3,80.0,4.0,5.829450762504333,0.1978454242640053,False,False,False
Ir,5.333333333333333,AlCeO,38.8,2.0,5.819156856958768,0.001780506000000237,False,False,False
Mg,0.7000000000000001,ZnO - Al2O3,66.0,4.0,5.803033207682794,0.18339034983333224,False,False,False
Pd,3.524342105263158,ZnO,57.98146341463415,4.0,5.784415262432796,0.17201115130000044,False,False,False
NiGa,20.0,MSU-F,89.53333333333335,4.0,5.778138336361996,0.08157715570808222,False,False,False
NiGa,20.0,MCM-41,87.15,4.0,5.774434506336406,0.08157715570808133,False,False,False
Cu,21.69358585858586,SiO2,92.02162162162162,4.0,5.749650879253774,0.00652206592209037,False,False,False
Cu,21.69358585858586,TiO2,91.93333333333334,4.0,5.749650879253773,0.006522065922089482,False,False,False
Cu,21.69358585858586,ZnAl2O4,92.5,4.0,5.744519195853774,0.00652206592209037,False,False,False
Cu,21.69358585858586,MoS2,93.73333333333332,4.0,5.738556251270917,0.026476995322090247,False,False,False
Mn,1.6,ZnO - Al2O3,66.0,4.0,5.721695630432794,0.1811040145999998,False,False,False
Cu,21.69358585858586,Nb2O5,93.4,2.0,5.707535285691685,0.011392008077910631,False,False,False
La,3.0,ZnO - Al2O3,66.0,4.0,5.631222465332795,0.1748700720333325,False,False,False
Au,1.2272727272727273,ZnO - Al2O3,66.0,4.0,5.6027752159270925,0.19337470783333366,False,False,False
Ni,9.7,In2O3,96.3787514318442,4.0,5.586376255831996,0.07473219874499826,False,False,False
Cu,21.69358585858586,MSU-F,89.53333333333335,4.0,5.575672150810744,0.058735286592995095,False,False,False
Cu,21.69358585858586,MCM-41,87.15,4.0,5.565077990785155,0.05873528659299598,False,False,False
Cu,21.69358585858586,MOF,93.95,4.0,5.53541679590408,0.09638480661299731,False,False,False
Mg,0.7000000000000001,ZnO,57.98146341463415,4.0,5.524457057682796,0.18339034983333402,False,False,False
Ru,1.0,ZnO - Al2O3,66.0,4.0,5.512907604432795,0.19368454339999897,False,False,False
Ni,9.7,In2O3-ZrO2,99.0,4.0,5.505885209199995,0.12865376034499842,False,False,False
Y,2.227272727272727,ZnO - Al2O3,66.0,4.0,5.494062311032796,0.17701415359999917,False,False,False
Re,3.333333333333333,ZnO - Al2O3,66.0,4.0,5.491416928332797,0.19224712430000057,False,False,False
Rh,1.0,ZnO - Al2O3,66.0,4.0,5.489215755032795,0.21044137829999876,False,False,False
Pd,3.524342105263158,ZrO2,75.81729729729729,4.0,5.455024937163317,0.17201115129999955,False,False,False
Mg,0.7000000000000001,AlCeO,38.8,4.0,5.443991885204554,0.13951806000000033,False,False,False
Mn,1.6,ZnO,57.98146341463415,4.0,5.443119480432797,0.18110401460000158,False,False,False
Ni,9.7,ZnO-Fe2O3,95.0,2.0,5.432754360048931,0.06639268348833394,False,False,False
La,3.0,ZnO,57.98146341463415,4.0,5.352646315332796,0.17487007203333427,False,False,False
Ni,9.7,ZnAlO,97.5,4.0,5.346173985483988,0.01775375453505479,False,False,False
Pd,3.524342105263158,CeO2,79.73058823529414,4.0,5.3427656676255175,0.23855034572128986,False,False,False
Mn,1.6,CeO2,79.73058823529414,4.0,5.339458143025836,0.18485444426400388,False,False,False
Mg,0.7000000000000001,In2O3,96.3787514318442,4.0,5.336206587181998,0.31522502880000225,False,False,False
Co,7.5,In2O3,96.3787514318442,4.0,5.328485468606857,0.08230265579700013,False,False,False
Au,1.2272727272727273,ZnO,57.98146341463415,4.0,5.324199065927093,0.19337470783333455,False,False,False
Rh,1.0,CeO2,79.73058823529414,4.0,5.3227795900495645,0.194294632064004,False,False,False
NiGa,20.0,CeW0.25Ox,89.1,4.0,5.302288902635331,0.06321267472808234,False,False,False
Ru,1.0,CeO2,79.73058823529414,4.0,5.299228937902897,0.16952120708400376,False,False,False
Pd,3.524342105263158,Ga2O3,80.0,4.0,5.289488069665517,0.23855034572129075,False,False,False
Zr,20.0,CeW0.25Ox,89.1,4.0,5.289103629688664,0.055433143628081716,False,False,False
Zn,21.70344827586207,CeW0.25Ox,89.1,4.0,5.289103629688664,0.055433143628081716,False,False,False
Ni,9.7,MoS2,93.73333333333332,4.0,5.28810121858113,0.04638710583505645,False,False,False
Re,3.333333333333333,CeO2,79.73058823529414,4.0,5.27639140261623,0.22614272426400284,False,False,False
Mn,1.6,Ga2O3,80.0,4.0,5.275749719065836,0.184854444264003,False,False,False
Rh,1.0,Ga2O3,80.0,4.0,5.271842280089564,0.194294632064004,False,False,False
Ni,9.7,ZnO-ZrO2,99.5333333333333,2.0,5.269606425207855,0.06080458748833362,False,False,False
Cu,21.69358585858586,CeW0.25Ox,89.1,4.0,5.261669003804078,0.055408957532996794,False,False,False
Ni,9.7,Nb2O5,93.4,4.0,5.247208721823988,0.012594291435055638,False,False,False
Ru,1.0,Ga2O3,80.0,4.0,5.237726211292896,0.16952120708400376,False,False,False
Ru,1.0,ZnO,57.98146341463415,4.0,5.234331454432796,0.19368454340000074,False,False,False
Mg,0.7000000000000001,ZrO2,75.81729729729729,4.0,5.229733341025998,0.18339034983333313,False,False,False
Re,3.333333333333333,Ga2O3,80.0,4.0,5.223113804656229,0.22614272426400284,False,False,False
Y,2.227272727272727,ZnO,57.98146341463415,4.0,5.215486161032797,0.17701415360000095,False,False,False
Co,7.5,In2O3-ZrO2,99.0,4.0,5.214475159142856,0.13343725396500083,False,False,False
Re,3.333333333333333,ZnO,57.98146341463415,4.0,5.212840778332797,0.19224712430000235,False,False,False
Rh,1.0,ZnO,57.98146341463415,4.0,5.210639605032797,0.2104413783000023,False,False,False
Y,2.227272727272727,CeO2,79.73058823529414,4.0,5.187791528802896,0.16664952908400288,False,False,False
Co,7.5,ZnO-Fe2O3,95.0,2.0,5.184977227084047,0.07060612740166672,False,False,False
Ag,8.333333333333334,In2O3,96.3787514318442,4.0,5.175158381751999,0.0980658084849999,False,False,False
Mg,0.7000000000000001,CeW0.25Ox,89.1,4.0,5.172229323629998,0.20178697131999979,False,False,False
Au,1.2272727272727273,CeO2,79.73058823529414,4.0,5.164409182188628,0.1933744902640031,False,False,False
Mn,1.6,ZrO2,75.81729729729729,4.0,5.159325085163317,0.1811040146000007,False,False,False
Co,7.5,ZnAlO,97.5,4.0,5.128747878705772,0.016381690488391776,False,False,False
Co,7.5,ZnO-ZrO2,99.5333333333333,2.0,5.128429358984047,0.06935909340166724,False,False,False
Y,2.227272727272727,Ga2O3,80.0,4.0,5.126288802192898,0.16664952908400466,False,False,False
Ni,9.7,MOF,93.95,4.0,5.118758918099999,0.12741016964500052,False,False,False
La,3.0,CeO2,79.73058823529414,4.0,5.10519150531433,0.18866856626400264,False,False,False
Au,1.2272727272727273,Ga2O3,80.0,4.0,5.100700758228627,0.1933744902640031,False,False,False
Mg,0.7000000000000001,MCM-41,87.15,4.0,5.071234304809996,0.246410760619999,False,False,False
Mg,0.7000000000000001,MOF,93.95,4.0,5.053724837749996,0.3639178731000001,False,False,False
La,3.0,ZrO2,75.81729729729729,4.0,5.053072158675999,0.17487007203333338,False,False,False
Ag,8.333333333333334,In2O3-ZrO2,99.0,4.0,5.047737881599997,0.13579021596499974,False,False,False
Ni,9.7,SiO2,92.02162162162162,4.0,5.04518627180399,0.02976729943505685,False,False,False
Ni,9.7,TiO2,91.93333333333334,4.0,5.04518627180399,0.02976729943505685,False,False,False
La,3.0,Ga2O3,80.0,4.0,5.04148308135433,0.18866856626400352,False,False,False
Mg,0.7000000000000001,In2O3-ZrO2,99.0,4.0,5.0395991300499965,0.3224752742000012,False,False,False
Ni,9.7,ZnAl2O4,92.5,4.0,5.034922905003991,0.029767299435057737,False,False,False
Au,1.2272727272727273,ZrO2,75.81729729729729,4.0,5.029475349270295,0.19337470783333366,False,False,False
Ag,8.333333333333334,ZnO-Fe2O3,95.0,2.0,5.025325852515599,0.06541178553500071,False,False,False
Ag,8.333333333333334,ZnAlO,97.5,4.0,4.990381723803989,0.01873465248839068,False,False,False
Co,7.5,MSU-F,89.53333333333335,4.0,4.97674833336952,0.07649710524499831,False,False,False
Co,7.5,MCM-41,87.15,4.0,4.97356399654393,0.0764971052449992,False,False,False
Ag,8.333333333333334,ZnO-ZrO2,99.5333333333333,3.0,4.957121620374522,0.06416475153500034,False,False,False
Ru,1.0,ZrO2,75.81729729729729,4.0,4.950537059163318,0.19368454340000163,False,False,False
Rh,1.0,ZrO2,75.81729729729729,4.0,4.926845209763318,0.21044137830000142,False,False,False
Y,2.227272727272727,ZrO2,75.81729729729729,4.0,4.926841325763318,0.17701415360000006,False,False,False
Ni,9.7,MSU-F,89.53333333333335,4.0,4.925626529489057,0.09088719382499999,False,False,False
Re,3.333333333333333,ZrO2,75.81729729729729,4.0,4.924195943063319,0.19224712430000146,False,False,False
Co,7.5,MOF,93.95,4.0,4.916309162142856,0.13219366326500026,False,False,False
Ni,9.7,MCM-41,87.15,4.0,4.907911786063467,0.09088719382499999,False,False,False
Pd,3.524342105263158,MnO,80.0,4.0,4.906414469124295,0.3403550996913465,False,False,False
Pd,3.524342105263158,AlCeO,38.8,4.0,4.8985023535865535,0.16812016000000085,False,False,False
Pd,3.524342105263158,SBA-15,82.76486486486488,4.0,4.851895007389497,0.3295382565913467,False,False,False
Mn,1.6,AlCeO,38.8,4.0,4.802833520954553,0.12652708000000157,False,False,False
Re,3.333333333333333,AlCeO,38.8,4.0,4.794372683221219,0.1678153600000014,False,False,False
Ag,8.333333333333334,MoS2,93.73333333333332,4.0,4.791898537081131,0.05144419278838974,False,False,False
Pd,3.524342105263158,rGO,83.75,4.0,4.789149475166107,0.2569153115012899,False,False,False
Pd,3.524342105263158,ZrO2-CeO2,80.0,4.0,4.775823896700905,0.2569153115012899,False,False,False
Ag,8.333333333333334,SiO2,92.02162162162162,4.0,4.773699358743989,0.01344222538838924,False,False,False
Ag,8.333333333333334,TiO2,91.93333333333334,4.0,4.773699358743989,0.01344222538838924,False,False,False
Rh,1.0,AlCeO,38.8,4.0,4.772852000654554,0.13596726780000168,False,False,False
Ag,8.333333333333334,ZnAl2O4,92.5,4.0,4.7634359919439895,0.013442225388390128,False,False,False
Ag,8.333333333333334,Nb2O5,93.4,4.0,4.751006040323989,0.01357518938839064,False,False,False
Ru,1.0,AlCeO,38.8,4.0,4.749301348507886,0.11119384282000055,False,False,False
La,3.0,AlCeO,38.8,4.0,4.718368924054553,0.1303412020000012,False,False,False
Mn,1.6,MnO,80.0,4.0,4.711525016328578,0.3277010036340595,False,False,False
Mg,0.7000000000000001,MnO,80.0,4.0,4.709481866667073,0.32998733886739284,False,False,False
Y,2.227272727272727,AlCeO,38.8,4.0,4.705772809407886,0.10832216482000145,False,False,False
Mn,1.6,SBA-15,82.76486486486488,4.0,4.658549947393779,0.3183591045340597,False,False,False
Ag,8.333333333333334,MSU-F,89.53333333333335,4.0,4.656725814426663,0.07885006724499899,False,False,False
Mg,0.7000000000000001,SBA-15,82.76486486486488,4.0,4.656506797732274,0.3206454397673921,False,False,False
Au,1.2272727272727273,AlCeO,38.8,4.0,4.642174840054552,0.1350471259999999,False,False,False
Ag,8.333333333333334,MCM-41,87.15,4.0,4.635214769001072,0.07885006724499899,False,False,False
Ag,8.333333333333334,MOF,93.95,4.0,4.598359934599999,0.13454662526499916,False,False,False
Mn,1.6,rGO,83.75,4.0,4.592937453970389,0.25390535334400255,False,False,False
Mg,0.7000000000000001,rGO,83.75,4.0,4.592381860408884,0.25619168857733676,False,False,False
Mn,1.6,ZrO2-CeO2,80.0,4.0,4.579611875505187,0.25390535334400255,False,False,False
Mg,0.7000000000000001,ZrO2-CeO2,80.0,4.0,4.579056281943682,0.25619168857733676,False,False,False
Ru,1.0,MnO,80.0,4.0,4.548789384238972,0.34028153243405956,False,False,False
Rh,1.0,MnO,80.0,4.0,4.525097534838972,0.35703836733405936,False,False,False
Au,1.2272727272727273,MnO,80.0,4.0,4.503968562391369,0.3399716968673916,False,False,False
Ru,1.0,SBA-15,82.76486486486488,4.0,4.488129382504173,0.33093963333405885,False,False,False
Rh,1.0,SBA-15,82.76486486486488,4.0,4.4644375331041735,0.34769646823405864,False,False,False
Y,2.227272727272727,MnO,80.0,4.0,4.462035220838973,0.326368982534059,False,False,False
Re,3.333333333333333,MnO,80.0,4.0,4.454978484138973,0.3416019532340595,False,False,False
Au,1.2272727272727273,SBA-15,82.76486486486488,4.0,4.45099349345657,0.3306297977673909,False,False,False
La,3.0,MnO,80.0,4.0,4.447166006117072,0.3242249009673923,False,False,False
Co,7.5,CeW0.25Ox,89.1,4.0,4.422253877574855,0.0496701523969989,False,False,False
Ir,5.333333333333333,MSU-F,89.53333333333335,4.0,4.41029933822952,0.08706433862499985,False,False,False
Ru,1.0,rGO,83.75,4.0,4.407876209480785,0.2664858821440035,False,False,False
Au,1.2272727272727273,rGO,83.75,4.0,4.406597843133182,0.2661760465773364,False,False,False
Y,2.227272727272727,SBA-15,82.76486486486488,4.0,4.401375219104175,0.3170270834340583,False,False,False
Ru,1.0,ZrO2-CeO2,80.0,4.0,4.394550631015582,0.2664858821440026,False,False,False
Re,3.333333333333333,SBA-15,82.76486486486488,4.0,4.394318482404176,0.33226005413406057,False,False,False
Au,1.2272727272727273,ZrO2-CeO2,80.0,4.0,4.39327226466798,0.2661760465773364,False,False,False
La,3.0,SBA-15,82.76486486486488,4.0,4.392646544382274,0.3148830018673925,False,False,False
Rh,1.0,rGO,83.75,4.0,4.384184360080784,0.2832427170440033,False,False,False
Rh,1.0,ZrO2-CeO2,80.0,4.0,4.370858781615582,0.2832427170440024,False,False,False
Ir,5.333333333333333,CeW0.25Ox,89.1,4.0,4.358876273398854,0.04997401897699927,False,False,False
Ir,5.333333333333333,MCM-41,87.15,4.0,4.35509884626793,0.07680097182499956,False,False,False
La,3.0,rGO,83.75,4.0,4.352662248058885,0.24767141077733612,False,False,False
Ni,9.7,CeW0.25Ox,89.1,4.0,4.345428251062392,0.062432279744999875,False,False,False
La,3.0,ZrO2-CeO2,80.0,4.0,4.339336669593683,0.247671410777337,False,False,False
Y,2.227272727272727,rGO,83.75,4.0,4.321122046080785,0.2498154923440019,False,False,False
Re,3.333333333333333,rGO,83.75,4.0,4.318476663380785,0.2650484630440042,False,False,False
Y,2.227272727272727,ZrO2-CeO2,80.0,4.0,4.307796467615583,0.2498154923440028,False,False,False
Re,3.333333333333333,ZrO2-CeO2,80.0,4.0,4.305151084915583,0.2650484630440033,False,False,False
Mg,0.7000000000000001,MSU-F,89.53333333333335,4.0,4.274797656409998,0.2656406166199998,False,False,False
Ag,8.333333333333334,CeW0.25Ox,89.1,4.0,4.267314840719997,0.06543330508499778,False,False,False
Co,7.5,MoS2,93.73333333333332,4.0,4.140048095382912,0.04909123078839084,False,False,False
Co,7.5,SiO2,92.02162162162162,4.0,4.12184891704577,0.011089263388390336,False,False,False
Co,7.5,Nb2O5,93.4,4.0,4.09915559862577,0.011222227388390849,False,False,False
Co,7.5,TiO2,91.93333333333334,4.0,4.087947513645769,0.011089263388389448,False,False,False
Co,7.5,ZnAl2O4,92.5,4.0,4.07768414684577,0.011089263388389448,False,False,False
Ir,5.333333333333333,In2O3,96.3787514318442,4.0,4.066120998430859,0.08517696897700144,False,False,False
Ru,1.0,MCM-41,87.15,4.0,4.0121990919337245,0.3039540000600005,False,False,False
Mn,1.6,MCM-41,87.15,4.0,3.9883889198999976,0.27833704186000174,False,False,False
Rh,1.0,MCM-41,87.15,4.0,3.983823911303725,0.32166384026000117,False,False,False
Re,3.333333333333333,MCM-41,87.15,4.0,3.9618965551703913,0.31088465586000025,False,False,False
Ir,5.333333333333333,In2O3-ZrO2,99.0,4.0,3.955882295666856,0.14032949934499994,False,False,False
Ir,5.333333333333333,ZnO-Fe2O3,95.0,2.0,3.9323254435273807,0.06249750122166775,False,False,False
Re,3.333333333333333,CeW0.25Ox,89.1,4.0,3.930077529590394,0.2664375146800011,False,False,False
Mn,1.6,CeW0.25Ox,89.1,4.0,3.929873345759999,0.22514923467999992,False,False,False
Y,2.227272727272727,MCM-41,87.15,4.0,3.899217290033724,0.2982106440600014,False,False,False
Ir,5.333333333333333,MOF,93.95,4.0,3.869606746566857,0.13437998464500023,False,False,False
Pd,3.524342105263158,MCM-41,87.15,4.0,3.852765946402392,0.3111894558600006,False,False,False
Rh,1.0,CeW0.25Ox,89.1,4.0,3.8356266991303936,0.22680989138000163,False,False,False
Ir,5.333333333333333,MoS2,93.73333333333332,4.0,3.831175581542914,0.057199856968390694,False,False,False
La,3.0,MCM-41,87.15,4.0,3.8219623199999977,0.2769403078600008,False,False,False
Ir,5.333333333333333,ZnAlO,97.5,4.0,3.821173261429103,0.029196240668390327,False,False,False
Pd,3.524342105263158,CeW0.25Ox,89.1,4.0,3.793686585142394,0.2667423146800014,False,False,False
Ru,1.0,CeW0.25Ox,89.1,4.0,3.7907671162737255,0.2020364664000014,False,False,False
Ir,5.333333333333333,Nb2O5,93.4,4.0,3.79028308478577,0.019330853568389816,False,False,False
La,3.0,CeW0.25Ox,89.1,4.0,3.7856576668599984,0.22896335668,False,False,False
Ir,5.333333333333333,ZnO-ZrO2,99.5333333333333,2.0,3.74169404052738,0.04370120122166732,False,False,False
Re,3.333333333333333,In2O3-ZrO2,99.0,4.0,3.687114328559998,0.3999833529000001,False,False,False
Ir,5.333333333333333,TiO2,91.93333333333334,4.0,3.6839264712691016,0.016103861568388833,False,False,False
Ir,5.333333333333333,SiO2,92.02162162162162,4.0,3.6839264712691016,0.016103861568388833,False,False,False
Y,2.227272727272727,CeW0.25Ox,89.1,4.0,3.679708233440392,0.1991647884000014,False,False,False
Ir,5.333333333333333,ZnAl2O4,92.5,4.0,3.673663104469103,0.016103861568390165,False,False,False
Rh,1.0,In2O3-ZrO2,99.0,4.0,3.6066870943933313,0.39579597839999936,False,False,False
Au,1.2272727272727273,CeW0.25Ox,89.1,4.0,3.59728658134,0.2240525111800009,False,False,False
Ru,1.0,In2O3-ZrO2,99.0,4.0,3.5966330403433293,0.3663293656333324,False,False,False
Y,2.227272727272727,In2O3-ZrO2,99.0,4.0,3.5857467484433294,0.3634576876333324,False,False,False
Mn,1.6,MOF,93.95,4.0,3.5828340673999977,0.4380327341999992,False,False,False
Ru,1.0,MOF,93.95,4.0,3.58197919194333,0.4044718678333328,False,False,False
Re,3.333333333333333,In2O3,96.3787514318442,4.0,3.5773423497800008,0.3641679111000031,False,False,False
Mn,1.6,In2O3-ZrO2,99.0,4.0,3.562453022299997,0.39589093299999867,False,False,False
Rh,1.0,MOF,93.95,4.0,3.5597831013933314,0.43801466959999935,False,False,False
Pd,3.524342105263158,MSU-F,89.53333333333335,4.0,3.535095652710392,0.31103096325999946,False,False,False
Re,3.333333333333333,MOF,93.95,4.0,3.5309392837599978,0.4380833320999993,False,False,False
Mn,1.6,MSU-F,89.53333333333335,4.0,3.519639887899997,0.2991788478599995,False,False,False
Mn,1.6,In2O3,96.3787514318442,4.0,3.518169187818666,0.33211316520000134,False,False,False
Pd,3.524342105263158,In2O3-ZrO2,99.0,4.0,3.516739045591998,0.39793519089999974,False,False,False
Y,2.227272727272727,MOF,93.95,4.0,3.44859739004333,0.39872851183333236,False,False,False
Au,1.2272727272727273,MCM-41,87.15,4.0,3.436634915899997,0.274901140359999,False,False,False
La,3.0,In2O3-ZrO2,99.0,4.0,3.4327759772999986,0.4165188429999991,False,False,False
Ru,1.0,MSU-F,89.53333333333335,4.0,3.425191856723724,0.32763231335999876,False,False,False
Rh,1.0,In2O3,96.3787514318442,4.0,3.4009689897866666,0.29109619286666844,False,False,False
Rh,1.0,MSU-F,89.53333333333335,4.0,3.3770892299437247,0.3382486082599985,False,False,False
Re,3.333333333333333,MSU-F,89.53333333333335,4.0,3.367737021210392,0.32746942385999933,False,False,False
Pd,3.524342105263158,In2O3,96.3787514318442,4.0,3.340527346044,0.3644589271000016,False,False,False
La,3.0,MOF,93.95,4.0,3.334755540399999,0.45578896619999965,False,False,False
La,3.0,MSU-F,89.53333333333335,4.0,3.3332520159999985,0.2977821138599994,False,False,False
Y,2.227272727272727,MSU-F,89.53333333333335,4.0,3.326701952223725,0.3218889573600001,False,False,False
Ru,1.0,In2O3,96.3787514318442,4.0,3.2993251233599983,0.25456599532000146,False,False,False
La,3.0,In2O3,96.3787514318442,4.0,3.2931709169186663,0.35508025320000014,False,False,False
Pd,3.524342105263158,MOF,93.95,4.0,3.2671772517919986,0.43603517009999937,False,False,False
Y,2.227272727272727,In2O3,96.3787514318442,4.0,3.1756814247266645,0.2516943173200006,False,False,False
Mg,0.7000000000000001,ZnAlO,97.5,4.0,3.0444484665733893,0.2865732126233902,False,False,False
Au,1.2272727272727273,MSU-F,89.53333333333335,4.0,2.9707893124999987,0.29574294635999854,False,False,False
Mg,0.7000000000000001,MoS2,93.73333333333332,4.0,2.9299610745733897,0.3568006828233905,False,False,False
Au,1.2272727272727273,In2O3,96.3787514318442,4.0,2.886203205998666,0.3611833691000004,False,False,False
Mg,0.7000000000000001,ZnO-Fe2O3,95.0,4.0,2.84414370805,0.20083242873333473,False,False,False
Au,1.2272727272727273,In2O3-ZrO2,99.0,4.0,2.8249378202,0.40700771869999963,False,False,False
Au,1.2272727272727273,MOF,93.95,4.0,2.7737851254,0.45385544389999977,False,False,False
Mg,0.7000000000000001,Nb2O5,93.4,4.0,2.7663907482733894,0.28985174482338927,False,False,False
Mg,0.7000000000000001,SiO2,92.02162162162162,4.0,2.697453832873389,0.28266078352338964,False,False,False
Mg,0.7000000000000001,TiO2,91.93333333333334,4.0,2.697453832873389,0.28266078352338964,False,False,False
Mg,0.7000000000000001,ZnAl2O4,92.5,4.0,2.697453832873389,0.28266078352338964,False,False,False
Mg,0.7000000000000001,ZnO-ZrO2,99.5333333333333,4.0,2.552864434649999,0.133125289233333,False,False,False
Pd,3.524342105263158,ZnAlO,97.5,4.0,2.4660120447733904,0.2700653274900575,False,False,False
Pd,3.524342105263158,MoS2,93.73333333333332,4.0,2.4286066436233904,0.3093529099900576,False,False,False
Mn,1.6,ZnAlO,97.5,4.0,2.424972182406724,0.2820354378900576,False,False,False
Mn,1.6,MoS2,93.73333333333332,4.0,2.3734153911233906,0.3172300154900567,False,False,False
Pd,3.524342105263158,ZnO-Fe2O3,95.0,4.0,2.33098268855,0.17837158560000033,False,False,False
Pd,3.524342105263158,Nb2O5,93.4,4.0,2.3231961865233903,0.2755600955900577,False,False,False
Mn,1.6,ZnO-Fe2O3,95.0,4.0,2.2759072748833336,0.1903416960000004,False,False,False
Pd,3.524342105263158,ZnO-ZrO2,99.5333333333333,4.0,2.2743944542500008,0.14504961450000087,False,False,False
Mn,1.6,Nb2O5,93.4,4.0,2.2695493268233906,0.2793610120900569,False,False,False
Pd,3.524342105263158,SiO2,92.02162162162162,4.0,2.2440360721733903,0.25945887439005744,False,False,False
Pd,3.524342105263158,ZnAl2O4,92.5,4.0,2.2440360721733903,0.25945887439005744,False,False,False
Pd,3.524342105263158,TiO2,91.93333333333334,4.0,2.2440360721733903,0.25945887439005744,False,False,False
La,3.0,ZnAlO,97.5,4.0,2.221729337606724,0.2949544613233914,False,False,False
La,3.0,MoS2,93.73333333333332,4.0,2.15954812682339,0.33290687882338954,False,False,False
Mn,1.6,ZnAl2O4,92.5,4.0,2.150763158706724,0.26782898879005734,False,False,False
Mn,1.6,SiO2,92.02162162162162,4.0,2.150763158706724,0.26782898879005734,False,False,False
Mn,1.6,TiO2,91.93333333333334,4.0,2.150763158706724,0.26782898879005734,False,False,False
Mn,1.6,ZnO-ZrO2,99.5333333333333,4.0,2.0970785400833334,0.14808955480000008,False,False,False
La,3.0,ZnO-Fe2O3,95.0,4.0,2.089201220283333,0.20326071943333268,False,False,False
La,3.0,Nb2O5,93.4,4.0,2.0525932769233908,0.2950378754233902,False,False,False
Ru,1.0,ZnAlO,97.5,4.0,2.042078695940057,0.29367713269005646,False,False,False
La,3.0,ZnO-ZrO2,99.5333333333333,4.0,2.038529178283333,0.16100857823333214,False,False,False
Re,3.333333333333333,ZnAlO,97.5,4.0,2.0283677623067224,0.29265426249005677,False,False,False
Ru,1.0,MoS2,93.73333333333332,4.0,2.0228860604900576,0.32249994382338953,False,False,False
Re,3.333333333333333,MoS2,93.73333333333332,4.0,2.01181232932339,0.32653049099005726,False,False,False
Rh,1.0,ZnAlO,97.5,4.0,1.9994800291400567,0.31043396759005626,False,False,False
Y,2.227272727272727,ZnAlO,97.5,4.0,1.9887085724400568,0.2770067428900578,False,False,False
Y,2.227272727272727,MoS2,93.73333333333332,4.0,1.9841725809900568,0.3085873939233903,False,False,False
Rh,1.0,MoS2,93.73333333333332,4.0,1.9798792981567244,0.3427993901900568,False,False,False
La,3.0,SiO2,92.02162162162162,4.0,1.969389697906724,0.2615950462233909,False,False,False
La,3.0,TiO2,91.93333333333334,4.0,1.969389697906724,0.2615950462233909,False,False,False
La,3.0,ZnAl2O4,92.5,4.0,1.969389697906724,0.2615950462233909,False,False,False
Ru,1.0,Nb2O5,93.4,4.0,1.9118466836900567,0.28870712942338916,False,False,False
Ru,1.0,ZnO-Fe2O3,95.0,4.0,1.907137968016668,0.2032304248000003,False,False,False
Re,3.333333333333333,Nb2O5,93.4,4.0,1.8941207922233896,0.2927376765900571,False,False,False
Re,3.333333333333333,ZnO-Fe2O3,95.0,4.0,1.8759407592833328,0.20096052060000047,False,False,False
Y,2.227272727272727,Nb2O5,93.4,4.0,1.8731332041900568,0.2747945795233908,False,False,False
Rh,1.0,Nb2O5,93.4,4.0,1.8621877610567248,0.3090065757900575,False,False,False
Rh,1.0,ZnO-Fe2O3,95.0,4.0,1.8574457559166675,0.2199872597000001,False,False,False
Re,3.333333333333333,ZnO-ZrO2,99.5333333333333,4.0,1.8320671724833328,0.1552729852999999,False,False,False
Y,2.227272727272727,ZnO-Fe2O3,95.0,4.0,1.8314584245166667,0.18656003500000073,False,False,False
Au,1.2272727272727273,ZnAlO,97.5,4.0,1.8176918821233905,0.29924204882339067,False,False,False
Y,2.227272727272727,ZnO-ZrO2,99.5333333333333,4.0,1.79388976235,0.12901676460000044,False,False,False
Ru,1.0,TiO2,91.93333333333334,4.0,1.7800086983400578,0.2850587795900572,False,False,False
Ru,1.0,SiO2,92.02162162162162,4.0,1.7800086983400576,0.28505877959005654,False,False,False
Ru,1.0,ZnAl2O4,92.5,4.0,1.7800086983400576,0.285058779590057,False,False,False
Re,3.333333333333333,ZnAl2O4,92.5,4.0,1.7699880854067231,0.27969484739005734,False,False,False
Re,3.333333333333333,SiO2,92.02162162162162,4.0,1.769988085406723,0.2796948473900571,False,False,False
Re,3.333333333333333,TiO2,91.93333333333334,4.0,1.769988085406723,0.2796948473900571,False,False,False
Ru,1.0,ZnO-ZrO2,99.5333333333333,4.0,1.747073795850001,0.14568715440000046,False,False,False
Y,2.227272727272727,ZnAl2O4,92.5,4.0,1.744166896840057,0.26838838979005764,False,False,False
Y,2.227272727272727,TiO2,91.93333333333334,4.0,1.744166896840057,0.26838838979005764,False,False,False
Y,2.227272727272727,SiO2,92.02162162162162,4.0,1.744166896840057,0.26838838979005764,False,False,False
Rh,1.0,ZnAl2O4,92.5,4.0,1.726807164240058,0.3018156144900572,False,False,False
Rh,1.0,TiO2,91.93333333333334,4.0,1.726807164240058,0.3018156144900572,False,False,False
Rh,1.0,SiO2,92.02162162162162,4.0,1.726807164240058,0.3018156144900572,False,False,False
Rh,1.0,ZnO-ZrO2,99.5333333333333,4.0,1.7098084956166677,0.17305269040000026,False,False,False
Au,1.2272727272727273,MoS2,93.73333333333332,4.0,1.6202618502233903,0.33914255042339025,False,False,False
Au,1.2272727272727273,ZnO-Fe2O3,95.0,4.0,1.6169725747,0.2122542309333335,False,False,False
Au,1.2272727272727273,TiO2,91.93333333333334,4.0,1.54605102552339,0.27368258572338955,False,False,False
Au,1.2272727272727273,SiO2,92.02162162162162,4.0,1.54605102552339,0.27368258572338955,False,False,False
Au,1.2272727272727273,ZnAl2O4,92.5,4.0,1.54605102552339,0.27368258572338955,False,False,False
Au,1.2272727272727273,ZnO-ZrO2,99.5333333333333,4.0,1.5295502005000003,0.15245282373333335,False,False,False
Au,1.2272727272727273,Nb2O5,93.4,4.0,1.5148513931233902,0.30127354702339026,False,False,False
